delta_seq_no,wlan.ht.ampduparam.mpdudensity,wlan.ht.capabilities,wlan.ht.capabilities.rxstbc,wlan.ht.capabilities.txstbc,wlan.tag.length,length,label
11.880521774291992,5,45,0,0,112,158,dev5
12.23621654510498,5,45,0,0,112,158,dev5
11.368802070617676,5,45,0,0,112,158,dev5
11.020689010620117,5,45,0,0,112,158,dev5
11.40611457824707,5,45,0,0,112,158,dev5
11.659514427185059,5,45,0,0,112,158,dev5
12.344076156616211,5,45,0,0,112,158,dev5
10.471027374267578,5,45,0,0,112,158,dev5
11.474206924438477,5,45,0,0,112,158,dev5
12.202388763427734,5,45,0,0,112,158,dev5
11.482854843139648,5,45,0,0,112,158,dev5
11.008787155151367,5,45,0,0,112,158,dev5
11.421260833740234,5,45,0,0,112,158,dev5
11.758821487426758,5,45,0,0,112,158,dev5
11.04891586303711,5,45,0,0,112,158,dev5
11.845545768737793,5,45,0,0,112,158,dev5
11.160658836364746,5,45,0,0,112,158,dev5
12.552146911621094,5,45,0,0,112,158,dev5
11.793295860290527,5,45,0,0,112,158,dev5
11.897995948791504,5,45,0,0,112,158,dev5
11.063933372497559,5,45,0,0,112,158,dev5
10.747039794921875,5,45,0,0,112,158,dev5
11.453021049499512,5,45,0,0,112,158,dev5
12.259052276611328,5,45,0,0,112,158,dev5
12.1941499710083,5,45,0,0,112,158,dev5
11.202291488647461,5,45,0,0,112,158,dev5
10.207100868225098,5,45,0,0,112,158,dev5
12.192046165466309,5,45,0,0,112,158,dev5
11.81540584564209,5,45,0,0,112,158,dev5
10.029139518737793,5,45,0,0,112,158,dev5
11.502588272094727,5,45,0,0,112,158,dev5
11.580998420715332,5,45,0,0,112,158,dev5
11.219467163085938,5,45,0,0,112,158,dev5
11.474324226379395,5,45,0,0,112,158,dev5
11.275801658630371,5,45,0,0,112,158,dev5
12.062702178955078,5,45,0,0,112,158,dev5
12.345458030700684,5,45,0,0,112,158,dev5
12.084781646728516,5,45,0,0,112,158,dev5
11.778327941894531,5,45,0,0,112,158,dev5
11.156071662902832,5,45,0,0,112,158,dev5
11.695818901062012,5,45,0,0,112,158,dev5
12.180803298950195,5,45,0,0,112,158,dev5
11.335305213928223,5,45,0,0,112,158,dev5
11.762460708618164,5,45,0,0,112,158,dev5
10.233611106872559,5,45,0,0,112,158,dev5
12.020220756530762,5,45,0,0,112,158,dev5
10.418068885803223,5,45,0,0,112,158,dev5
11.483970642089844,5,45,0,0,112,158,dev5
