delta_seq_no,wlan.ht.ampduparam.mpdudensity,wlan.ht.capabilities,wlan.ht.capabilities.rxstbc,wlan.ht.capabilities.txstbc,wlan.tag.length,length,label
4.27671480178833,5,45,0,0,83,149,dev1
9.474380493164062,5,45,0,0,83,149,dev1
9.484201431274414,5,45,0,0,83,149,dev1
9.419256210327148,5,45,0,0,83,149,dev1
9.400750160217285,5,45,0,0,83,149,dev1
9.367743492126465,5,45,0,0,83,149,dev1
9.348642349243164,5,45,0,0,83,149,dev1
