delta_seq_no,wlan.ht.ampduparam.mpdudensity,wlan.ht.capabilities,wlan.ht.capabilities.rxstbc,wlan.ht.capabilities.txstbc,wlan.tag.length,length,label
5.371108055114746,5,5,4397,1,128,163,dev1
5.142356872558594,5,5,4397,1,128,163,dev1
5.733264923095703,5,5,4397,1,128,163,dev1
5.793436050415039,5,5,4397,1,128,163,dev1
6.070824146270752,5,5,4397,1,128,163,dev1
6.341482162475586,5,5,4397,1,128,163,dev1
5.26944637298584,5,5,4397,1,128,163,dev1
5.686625957489014,5,5,4397,1,128,163,dev1
5.757199764251709,5,5,4397,1,128,163,dev1
5.204349040985107,5,5,4397,1,128,163,dev1
2.876596689224243,5,5,4397,1,128,163,dev1
