delta_seq_no,wlan.ht.ampduparam.mpdudensity,wlan.ht.capabilities,wlan.ht.capabilities.rxstbc,wlan.ht.capabilities.txstbc,wlan.tag.length,length,label
4.537999629974365,5,45,0,0,83,149,dev1
9.479019165039062,5,45,0,0,83,149,dev1
9.485666275024414,5,45,0,0,83,149,dev1
9.419730186462402,5,45,0,0,83,149,dev1
9.401297569274902,5,45,0,0,83,149,dev1
9.367413520812988,5,45,0,0,83,149,dev1
9.347921371459961,5,45,0,0,83,149,dev1
