delta_seq_no,wlan.ht.ampduparam.mpdudensity,wlan.ht.capabilities,wlan.ht.capabilities.rxstbc,wlan.ht.capabilities.txstbc,wlan.tag.length,length,label
-0.10511037707328796,4,429,1,1,116,159,dev1
-0.5346147418022156,4,429,1,1,116,159,dev1
0.03715287521481514,4,429,1,1,116,159,dev1
0.9405109882354736,4,429,1,1,116,159,dev1
2.8628690242767334,4,429,1,1,116,159,dev1
0.7323698997497559,4,429,1,1,116,159,dev1
0.6983532905578613,4,429,1,1,116,159,dev1
5.037972927093506,4,429,1,1,116,159,dev1
5.859337329864502,4,429,1,1,116,159,dev1
