delta_seq_no,wlan.ht.ampduparam.mpdudensity,wlan.ht.capabilities,wlan.ht.capabilities.rxstbc,wlan.ht.capabilities.txstbc,wlan.tag.length,length,label
1.140075922012329,4,429,1,1,116,159,dev1
2.308769464492798,4,429,1,1,116,159,dev1
0.4434436857700348,4,429,1,1,116,159,dev1
1.5259087085723877,4,429,1,1,116,159,dev1
2.8272531032562256,4,429,1,1,116,159,dev1
-0.8018087148666382,4,429,1,1,116,159,dev1
1.08669114112854,4,429,1,1,116,159,dev1
5.045283794403076,4,429,1,1,116,159,dev1
4.960566520690918,4,429,1,1,116,159,dev1
