delta_seq_no,wlan.ht.ampduparam.mpdudensity,wlan.ht.capabilities,wlan.ht.capabilities.rxstbc,wlan.ht.capabilities.txstbc,length,label
5.76629638671875,5,45,0,0,159,dev4
6.085469722747803,5,45,0,0,159,dev4
6.358899116516113,5,45,0,0,159,dev4
4.567956447601318,5,45,0,0,159,dev4
5.383620738983154,5,45,0,0,159,dev4
5.245973587036133,5,45,0,0,159,dev4
1.4989778995513916,5,45,0,0,159,dev4
