delta_seq_no,wlan.ht.ampduparam.mpdudensity,wlan.ht.capabilities,wlan.ht.capabilities.rxstbc,wlan.ht.capabilities.txstbc,wlan.tag.length,length,label
11.27434253692627,5,45,0,0,115,158,dev6
11.856412887573242,5,45,0,0,115,158,dev6
10.728856086730957,5,45,0,0,115,158,dev6
11.716842651367188,5,45,0,0,115,158,dev6
12.014716148376465,5,45,0,0,115,158,dev6
11.540755271911621,5,45,0,0,115,158,dev6
11.306758880615234,5,45,0,0,115,158,dev6
10.880157470703125,5,45,0,0,115,158,dev6
10.587879180908203,5,45,0,0,115,158,dev6
11.663439750671387,5,45,0,0,115,158,dev6
12.043710708618164,5,45,0,0,115,158,dev6
9.759639739990234,5,45,0,0,115,158,dev6
10.870131492614746,5,45,0,0,115,158,dev6
10.465483665466309,5,45,0,0,115,158,dev6
11.574076652526855,5,45,0,0,115,158,dev6
10.66756820678711,5,45,0,0,115,158,dev6
10.913265228271484,5,45,0,0,115,158,dev6
11.281014442443848,5,45,0,0,115,158,dev6
10.58718204498291,5,45,0,0,115,158,dev6
11.340177536010742,5,45,0,0,115,158,dev6
11.559700012207031,5,45,0,0,115,158,dev6
11.755061149597168,5,45,0,0,115,158,dev6
11.59694766998291,5,45,0,0,115,158,dev6
11.568582534790039,5,45,0,0,115,158,dev6
11.10081672668457,5,45,0,0,115,158,dev6
9.943374633789062,5,45,0,0,115,158,dev6
10.471902847290039,5,45,0,0,115,158,dev6
11.715246200561523,5,45,0,0,115,158,dev6
11.114398002624512,5,45,0,0,115,158,dev6
12.039359092712402,5,45,0,0,115,158,dev6
11.034249305725098,5,45,0,0,115,158,dev6
10.622991561889648,5,45,0,0,115,158,dev6
11.685114860534668,5,45,0,0,115,158,dev6
12.286506652832031,5,45,0,0,115,158,dev6
11.72860336303711,5,45,0,0,115,158,dev6
11.805379867553711,5,45,0,0,115,158,dev6
12.302566528320312,5,45,0,0,115,158,dev6
10.599723815917969,5,45,0,0,115,158,dev6
11.484964370727539,5,45,0,0,115,158,dev6
11.364516258239746,5,45,0,0,115,158,dev6
10.273859024047852,5,45,0,0,115,158,dev6
11.131452560424805,5,45,0,0,115,158,dev6
10.19107437133789,5,45,0,0,115,158,dev6
12.209942817687988,5,45,0,0,115,158,dev6
11.432308197021484,5,45,0,0,115,158,dev6
9.798755645751953,5,45,0,0,115,158,dev6
10.459781646728516,5,45,0,0,115,158,dev6
10.803244590759277,5,45,0,0,115,158,dev6
