delta_seq_no,wlan.ht.ampduparam.mpdudensity,wlan.ht.capabilities,wlan.ht.capabilities.rxstbc,wlan.ht.capabilities.txstbc,wlan.tag.length,length,label
3.423905849456787,7,33,0,0,65,115,dev11
1.0904924869537354,7,33,0,0,65,115,dev11
1.3926022052764893,7,33,0,0,65,115,dev11
1.2929188013076782,7,33,0,0,65,115,dev11
0.373558908700943,7,33,0,0,65,115,dev11
0.7626328468322754,7,33,0,0,65,115,dev11
4.343733787536621,7,33,0,0,65,115,dev11
5.716527462005615,7,33,0,0,65,115,dev11
0.18565046787261963,7,33,0,0,65,115,dev11
8.978382110595703,7,33,0,0,65,115,dev11
8.586475372314453,7,33,0,0,65,115,dev11
