frame.time_relative,wlan.seq,wlan.ssid,frame.len,wlan.ht.ampduparam.mpdudensity,wlan.ht.capabilities,wlan.ht.capabilities.rxstbc,wlan.ht.capabilities.txstbc,wlan.tag.length,length,time_difference,seq_difference
69333.54807411999,81860,,115,0x00000007,0x00000021,0x00000000,0,65,115,0.0,0
69341.500147192,81912,,115,0x00000007,0x00000021,0x00000000,0,65,115,7.952073072010535,52
69341.54089699998,81914,,115,0x00000007,0x00000021,0x00000000,0,65,115,7.99282287999813,54
69436.77794622499,81964,,115,0x00000007,0x00000021,0x00000000,0,65,115,103.22987210500287,104
69436.818217671,81966,,115,0x00000007,0x00000021,0x00000000,0,65,115,103.27014355100982,106
69444.742989686,82016,,115,0x00000007,0x00000021,0x00000000,0,65,115,111.19491556601133,156
69444.783107528,82018,,115,0x00000007,0x00000021,0x00000000,0,65,115,111.23503340801108,158
69465.23755040999,82064,,115,0x00000007,0x00000021,0x00000000,0,65,115,131.68947629000468,204
69465.279824424,82066,,115,0x00000007,0x00000021,0x00000000,0,65,115,131.73175030401035,206
69473.225406517,82116,,115,0x00000007,0x00000021,0x00000000,0,65,115,139.67733239701192,256
69473.267114683,82118,,115,0x00000007,0x00000021,0x00000000,0,65,115,139.7190405630099,258
69490.38453765,82168,,115,0x00000007,0x00000021,0x00000000,0,65,115,156.8364635300095,308
69490.425250234,82170,,115,0x00000007,0x00000021,0x00000000,0,65,115,156.87717611400876,310
69527.75383354998,82220,,115,0x00000007,0x00000021,0x00000000,0,65,115,194.20575942999858,360
69527.789786754,82222,,115,0x00000007,0x00000021,0x00000000,0,65,115,194.24171263401513,362
69591.792547923,82272,,115,0x00000007,0x00000021,0x00000000,0,65,115,258.2444738030172,412
69591.834249172,82274,,115,0x00000007,0x00000021,0x00000000,0,65,115,258.28617505200964,414
