frame.time_relative,wlan.seq,wlan.ssid,frame.len,wlan.ht.ampduparam.mpdudensity,wlan.ht.capabilities,wlan.ht.capabilities.rxstbc,wlan.ht.capabilities.txstbc,wlan.tag.length,length,time_difference,seq_difference
11466.175645219,44261,,115,0x00000007,0x00000021,0x00000000,0,65,115,0.0,0
11599.722867609,44389,,115,0x00000007,0x00000021,0x00000000,0,65,115,133.54722238999966,128
11646.605639226,46580,,115,0x00000007,0x00000021,0x00000000,0,65,115,180.42999400699955,2319
11646.645829589,46582,,115,0x00000007,0x00000021,0x00000000,0,65,115,180.47018437000042,2321
11654.495452964,46628,,115,0x00000007,0x00000021,0x00000000,0,65,115,188.3198077449997,2367
11654.579759516,46632,,115,0x00000007,0x00000021,0x00000000,0,65,115,188.40411429699998,2371
11654.620944020002,46634,,115,0x00000007,0x00000021,0x00000000,0,65,115,188.44529880100163,2373
11663.874306691,46666,,115,0x00000007,0x00000021,0x00000000,0,65,115,197.698661471999,2405
11663.915058682001,46667,,115,0x00000007,0x00000021,0x00000000,0,65,115,197.73941346300126,2406
11670.627948350999,46710,,115,0x00000007,0x00000021,0x00000000,0,65,115,204.45230313199863,2449
11670.669802364,46712,,115,0x00000007,0x00000021,0x00000000,0,65,115,204.49415714499992,2451
11706.545690714,46763,,115,0x00000007,0x00000021,0x00000000,0,65,115,240.37004549499943,2502
11809.047709455,46813,,115,0x00000007,0x00000021,0x00000000,0,65,115,342.87206423600037,2552
11809.087786699,46815,,115,0x00000007,0x00000021,0x00000000,0,65,115,342.91214147999926,2554
11902.558580518,46847,,115,0x00000007,0x00000021,0x00000000,0,65,115,436.38293529899966,2586
11902.598079079,46848,,115,0x00000007,0x00000021,0x00000000,0,65,115,436.4224338599997,2587
11959.742357425,48780,,115,0x00000007,0x00000021,0x00000000,0,65,115,493.5667122060004,4519
11961.661874612,50987,,115,0x00000007,0x00000021,0x00000000,0,65,115,495.48622939300003,6726
