frame.time_relative,wlan.seq,wlan.ssid,frame.len,wlan.ht.ampduparam.mpdudensity,wlan.ht.capabilities,wlan.ht.capabilities.rxstbc,wlan.ht.capabilities.txstbc,wlan.tag.length,length,time_difference,seq_difference
70808.813660011,89567,,115,0x00000007,0x00000021,0x00000000,0,65,115,0.0,0
70808.85426193899,89572,,115,0x00000007,0x00000021,0x00000000,0,65,115,0.04060192799079232,5
70808.900395575,89577,,115,0x00000007,0x00000021,0x00000000,0,65,115,0.08673556399298832,10
70936.97934951099,89694,,115,0x00000007,0x00000021,0x00000000,0,65,115,128.16568949999055,127
70937.020878656,89699,,115,0x00000007,0x00000021,0x00000000,0,65,115,128.207218644995,132
70942.54971738599,89752,,115,0x00000007,0x00000021,0x00000000,0,65,115,133.7360573749902,185
70942.59335806499,89753,,115,0x00000007,0x00000021,0x00000000,0,65,115,133.77969805398607,186
70962.581463845,89778,,115,0x00000007,0x00000021,0x00000000,0,65,115,153.76780383399455,211
70962.621308601,89779,,115,0x00000007,0x00000021,0x00000000,0,65,115,153.80764858999464,212
70962.664224423,89780,,115,0x00000007,0x00000021,0x00000000,0,65,115,153.8505644120014,213
70962.705415612,89781,,115,0x00000007,0x00000021,0x00000000,0,65,115,153.8917556009983,214
71116.89682423699,89925,,115,0x00000007,0x00000021,0x00000000,0,65,115,308.0831642259873,358
71242.77402034999,90028,,115,0x00000007,0x00000021,0x00000000,0,65,115,433.9603603389842,461
71262.71946609899,90053,,115,0x00000007,0x00000021,0x00000000,0,65,115,453.90580608799064,486
71262.76098704999,90054,,115,0x00000007,0x00000021,0x00000000,0,65,115,453.94732703898626,487
71281.796214074,90146,,115,0x00000007,0x00000021,0x00000000,0,65,115,472.9825540629972,579
71281.83934937199,90151,,115,0x00000007,0x00000021,0x00000000,0,65,115,473.02568936099124,584
71281.881089762,90156,,115,0x00000007,0x00000021,0x00000000,0,65,115,473.0674297509977,589
