delta_seq_no,wlan.ht.ampduparam.mpdudensity,wlan.ht.capabilities,wlan.ht.capabilities.rxstbc,wlan.ht.capabilities.txstbc,length,label
4.047360897064209,5,5,4397,1,163,dev1
2.664687395095825,5,5,4397,1,163,dev1
4.59855842590332,5,5,4397,1,163,dev1
4.6081953048706055,5,5,4397,1,163,dev1
3.633753776550293,5,5,4397,1,163,dev1
4.624431133270264,5,5,4397,1,163,dev1
0.2605009973049164,5,5,4397,1,163,dev1
