delta_seq_no,wlan.ht.ampduparam.mpdudensity,wlan.ht.capabilities,wlan.ht.capabilities.rxstbc,wlan.ht.capabilities.txstbc,wlan.tag.length,length,label
5.444264888763428,5,45,0,0,89,159,dev2
12.95952320098877,5,45,0,0,89,159,dev2
13.144803047180176,5,45,0,0,89,159,dev2
13.128169059753418,5,45,0,0,89,159,dev2
13.143697738647461,5,45,0,0,89,159,dev2
13.148940086364746,5,45,0,0,89,159,dev2
13.149797439575195,5,45,0,0,89,159,dev2
