delta_seq_no,wlan.ht.ampduparam.mpdudensity,wlan.ht.capabilities,wlan.ht.capabilities.rxstbc,wlan.ht.capabilities.txstbc,wlan.tag.length,length,label
6.041773796081543,5,5,4397,1,128,163,dev2
4.9449663162231445,5,5,4397,1,128,163,dev2
6.023155212402344,5,5,4397,1,128,163,dev2
6.425119876861572,5,5,4397,1,128,163,dev2
6.455175876617432,5,5,4397,1,128,163,dev2
5.722875118255615,5,5,4397,1,128,163,dev2
5.586810111999512,5,5,4397,1,128,163,dev2
4.761514186859131,5,5,4397,1,128,163,dev2
5.907952785491943,5,5,4397,1,128,163,dev2
5.426122188568115,5,5,4397,1,128,163,dev2
2.541210174560547,5,5,4397,1,128,163,dev2
