delta_seq_no,wlan.ht.ampduparam.mpdudensity,wlan.ht.capabilities,wlan.ht.capabilities.rxstbc,wlan.ht.capabilities.txstbc,wlan.tag.length,length,label
5.003863334655762,5,45,0,0,89,159,dev2
12.977338790893555,5,45,0,0,89,159,dev2
13.146631240844727,5,45,0,0,89,159,dev2
13.127507209777832,5,45,0,0,89,159,dev2
13.143444061279297,5,45,0,0,89,159,dev2
13.149740219116211,5,45,0,0,89,159,dev2
13.149571418762207,5,45,0,0,89,159,dev2
