frame.time_relative,wlan.seq,wlan.ssid,frame.len,wlan.ht.ampduparam.mpdudensity,wlan.ht.capabilities,wlan.ht.capabilities.rxstbc,wlan.ht.capabilities.txstbc,wlan.tag.length,length
3608.143158205,47444,,159,0x00000005,0x0000002d,0x00000000,0,89,159
3608.164189435,47445,,159,0x00000005,0x0000002d,0x00000000,0,89,159
3618.173978947,47576,,159,0x00000005,0x0000002d,0x00000000,0,89,159
3618.1938472029997,47577,,159,0x00000005,0x0000002d,0x00000000,0,89,159
3628.204284377,47708,,159,0x00000005,0x0000002d,0x00000000,0,89,159
3638.2134790109994,47840,,159,0x00000005,0x0000002d,0x00000000,0,89,159
3638.2337697599996,47841,,159,0x00000005,0x0000002d,0x00000000,0,89,159
3648.2516513349997,47973,,159,0x00000005,0x0000002d,0x00000000,0,89,159
3648.2729001440002,47974,,159,0x00000005,0x0000002d,0x00000000,0,89,159
3658.276897077,48104,,159,0x00000005,0x0000002d,0x00000000,0,89,159
3658.2967612009998,48105,,159,0x00000005,0x0000002d,0x00000000,0,89,159
3668.2249235599998,48235,,159,0x00000005,0x0000002d,0x00000000,0,89,159
3668.2674154079996,48237,,159,0x00000005,0x0000002d,0x00000000,0,89,159
3668.2873141640002,48238,,159,0x00000005,0x0000002d,0x00000000,0,89,159
3678.302254102,48372,,159,0x00000005,0x0000002d,0x00000000,0,89,159
3678.3203952159997,48373,,159,0x00000005,0x0000002d,0x00000000,0,89,159
3678.4361425309994,48378,,159,0x00000005,0x0000002d,0x00000000,0,89,159
