delta_seq_no,wlan.ht.ampduparam.mpdudensity,wlan.ht.capabilities,wlan.ht.capabilities.rxstbc,wlan.ht.capabilities.txstbc,length,label
0.4683465361595154,5,45,0,0,149,dev7
3.45307993888855,5,45,0,0,149,dev2
4.192910671234131,5,45,0,0,149,dev2
3.9780876636505127,5,45,0,0,149,dev2
3.6535165309906006,5,45,0,0,149,dev2
3.2777516841888428,5,45,0,0,149,dev2
0.287760466337204,5,45,0,0,149,dev7
